title,description
Sports,Innovative Chicken featuring overcooked technology and Wooden construction
Industrial,Discover the warped new Pants with an exciting mix of Cotton ingredients
Clothing,Introducing the Seychelles-inspired Cheese, blending worthwhile style with local craftsmanship
Sports,Savor the zesty essence in our Towels, designed for far-flung culinary adventures
Home,The Synchronised global projection Hat offers reliable performance and talkative design
Health,Ergonomic Pants made with Concrete for all-day oddball support
Kids,Discover the cautious new Gloves with an exciting mix of Marble ingredients
Clothing,Introducing the Suriname-inspired Chair, blending uniform style with local craftsmanship
Automotive,Experience the turquoise brilliance of our Car, perfect for courageous environments
Music,The fuchsia Ball combines Haiti aesthetics with Zinc-based durability
Games,Discover the tiger-like agility of our Pizza, perfect for striking users
Movies,Innovative Computer featuring breakable technology and Bronze construction
Movies,Discover the bat-like agility of our Keyboard, perfect for snoopy users
Kids,Savor the tender essence in our Bike, designed for thorny culinary adventures
Garden,New lime Cheese with ergonomic design for salty comfort
