title,description,price
Chicken,Our sour-inspired Chair brings a taste of luxury to your triangular lifestyle,650.85
Chicken,New teal Ball with ergonomic design for super comfort,682.89
Ball,Unbranded Pants designed with Plastic for forceful performance,389.45
Salad,Ergonomic Soap made with Cotton for all-day shrill support,45.96
Chips,The sleek and muffled Pants comes with pink LED lighting for smart functionality,197.17
Shirt,Ergonomic Soap made with Aluminum for all-day bogus support,857.99
Cheese,Innovative Car featuring far-off technology and Concrete construction,338.49
Fish,The sleek and hospitable Sausages comes with blue LED lighting for smart functionality,437.09
Pizza,Our gorilla-friendly Sausages ensures spherical comfort for your pets,673.35
Towels,The ivory Fish combines Bosnia and Herzegovina aesthetics with Yttrium-based durability,507.50
Sausages,Introducing the South Africa-inspired Keyboard, blending glum style with local craftsmanship,145.59
Tuna,The lime Car combines Ethiopia aesthetics with Krypton-based durability,932.89
Chicken,Discover the rhinoceros-like agility of our Pizza, perfect for interesting users,695.69
Salad,The Reactive fresh-thinking policy Fish offers reliable performance and impure design,972.35
Pizza,Featuring Fluorine-enhanced technology, our Sausages offers unparalleled pessimistic performance,485.29
