name,surname,phone,email,username,password,birthdate
Jean,Schmidt,1-666-314-3659,Seamus7@gmail.com,Naomie_Stanton16,IR4e_HEMJHh60tP,Wed Aug 28 2024 23:36:43 GMT+0300 (Eastern European Summer Time)
Herbert,Wiza,(424) 947-0928 x7347,Jewell72@yahoo.com,Lucius.Watsica,5S7R_Zletx6n7Yp,Thu Apr 18 2024 09:30:58 GMT+0300 (Eastern European Summer Time)
Elton,Hagenes,(639) 268-6353 x3353,Royal28@hotmail.com,Lukas.Schumm,ypGC3x_yxUidfI1,Mon Jul 22 2024 11:49:36 GMT+0300 (Eastern European Summer Time)
Neal,Collier,733.213.5549,Lenny10@yahoo.com,Trever22,3VK_v6UBsbp_eLX,Sun Jun 16 2024 18:22:37 GMT+0300 (Eastern European Summer Time)
Dillon,Ratke-Rodriguez,615.874.7801 x100,Antonette_Christiansen19@hotmail.com,Camren_Rempel,QcTxLpJX22FLu53,Wed Sep 04 2024 06:49:54 GMT+0300 (Eastern European Summer Time)
Josephine,Osinski,(456) 964-5081 x704,Ayla93@gmail.com,Jessyca_Nader,OQxjszrCMtpU6hV,Wed Jan 15 2025 18:32:03 GMT+0200 (Eastern European Standard Time)
Jaquan,Deckow,(813) 333-2022 x70530,Tiana74@hotmail.com,Art.Crist99,XmSeku0puiQQzMb,Thu Oct 10 2024 19:54:58 GMT+0300 (Eastern European Summer Time)
Lexi,Hagenes,1-785-689-9273 x362,Rosalyn.Pollich@gmail.com,Estelle.Hirthe,eb2fV0Oeyx0Hryu,Tue Jan 21 2025 02:23:12 GMT+0200 (Eastern European Standard Time)
Nina,Wyman,1-325-829-6909 x80638,Kristopher_Kub@yahoo.com,Larissa.Hettinger92,Utasvu3NeyjGkxA,Sat Nov 16 2024 21:22:17 GMT+0200 (Eastern European Standard Time)
Jaime,Dietrich-Wolff,735-938-3965 x07660,Alanna.Dickinson@hotmail.com,Amaya.Douglas,1UzG9wq85w8o80N,Mon Jan 06 2025 16:43:37 GMT+0200 (Eastern European Standard Time)
Cody,Muller,678-354-5858 x682,Gillian_Mertz39@gmail.com,Ashton28,zpjG4jqyUTGhEfa,Wed Aug 07 2024 18:04:22 GMT+0300 (Eastern European Summer Time)
Madison,Greenholt-Schulist,281.662.0324,Destiny_Dickens73@hotmail.com,Tito.Kreiger15,pkwLLPcHxOqQzmp,Mon Sep 02 2024 06:48:07 GMT+0300 (Eastern European Summer Time)
Sterling,Bahringer,536-592-3533 x608,Caden.Bergnaum-Von@hotmail.com,Thelma28,1FObHCDjxy84MLR,Tue Oct 01 2024 13:07:51 GMT+0300 (Eastern European Summer Time)
Stacey,Muller,(230) 944-0129 x069,Emmie76@yahoo.com,Nora97,u4RAHJRjOJneFFt,Fri Dec 06 2024 04:09:17 GMT+0200 (Eastern European Standard Time)
Vanessa,Kunde,422.448.9934 x782,Durward.Schmitt@gmail.com,Jasmin.Lang91,scFnj9opYVpJhxV,Mon Dec 02 2024 19:01:00 GMT+0200 (Eastern European Standard Time)
